,season,count,mean,std,min,25%,50%,75%,max
0,fall,218092.0,15.051722014944763,34.14522355557357,1.0026833333333334,5.636879166666667,9.867266666666666,17.308679166666664,1433.238466666667
1,spring,174073.0,15.760900536843739,33.46603122494446,1.0012333333333332,5.9509,10.416683333333332,18.455066666666667,1432.25795
2,summer,257287.0,16.42436448149343,32.24918111453493,1.0017166666666666,6.163516666666666,10.9288,19.469225,1439.0683666666666
3,winter,94699.0,12.527813828375521,28.97643907073458,1.00145,5.060641666666667,8.532283333333334,14.489741666666667,1398.7436
